City_ID,City,Lat,Lng,Max Temp,Humidity,Cloudiness,Wind Speed,Country,Date
0,mar del plata,-38.0023,-57.5575,20.46,56,0,3.6,AR,1680369129
1,waddan,29.1614,16.139,25.65,9,0,2.34,LY,1680369129
2,san patricio,28.017,-97.5169,28.98,57,97,3.25,US,1680369129
3,albany,42.6001,-73.9662,18.65,79,86,2.24,US,1680368994
4,hermanus,-34.4187,19.2345,19.33,73,0,7.14,ZA,1680369129
5,bairiki,1.3292,172.9752,27.3,76,49,5.69,KI,1680369129
6,hobyo,5.3505,48.5268,28.84,76,79,5.85,SO,1680369129
7,vaini,-21.2,-175.2,25.09,94,20,3.09,TO,1680369130
8,ribeira grande,38.5167,-28.7,19.22,88,40,4.92,PT,1680369130
9,butaritari,3.0707,172.7902,27.3,75,100,5.22,KI,1680369130
10,kawalu,-7.3817,108.2082,22.56,95,100,0.1,ID,1680369130
11,hofn,64.2539,-15.2082,5.65,76,2,4.78,IS,1680369130
12,nikolskoye,59.7035,30.7861,0.94,95,100,2.91,RU,1680369130
13,burhar,23.2167,81.5333,23.17,38,18,1.66,IN,1680369130
14,tiksi,71.6872,128.8694,-18.66,83,48,9.6,RU,1680369130
15,sioux lookout,50.1001,-91.917,-2.73,61,25,1.36,CA,1680369131
16,ushuaia,-54.8,-68.3,7.81,66,0,2.57,AR,1680368874
17,bengkulu,-3.8004,102.2655,23.84,90,100,1.85,ID,1680369131
18,upernavik,72.7868,-56.1549,-27.21,95,53,5.64,GL,1680369131
19,punta arenas,-53.15,-70.9167,10.06,57,75,11.83,CL,1680369131
20,rikitea,-23.1203,-134.9692,26.3,81,37,6.77,PF,1680369131
21,honiara,-9.4333,159.95,25.16,88,99,1.25,SB,1680369131
22,chuy,-33.6971,-53.4616,21.61,47,23,6.1,UY,1680369131
23,ilulissat,69.2167,-51.1,-11.99,67,20,2.57,GL,1680369132
24,kuito,-12.3833,16.9333,16.77,92,84,1.44,AO,1680369132
25,kodiak,57.79,-152.4072,0.73,55,0,10.8,US,1680369132
26,hithadhoo,-0.6,73.0833,28.22,68,81,1.93,MV,1680369132
27,sarankhola,22.3082,89.7897,22.15,89,43,1.19,BD,1680369132
28,trat,12.5,102.5,25.05,92,82,1.09,TH,1680369132
29,grabouw,-34.1515,19.0151,18.18,58,0,3.51,ZA,1680369132
30,nyimba,-14.5566,30.8149,19.8,95,100,0.64,ZM,1680369133
31,shenjiamen,29.9576,122.298,11.69,75,0,1.65,CN,1680369133
32,orizona,-17.0314,-48.2958,27.85,53,85,2.21,BR,1680369133
33,ponta do sol,32.6667,-17.1,24.84,78,6,4.72,PT,1680369133
34,bluff,-46.6,168.3333,13.22,85,55,8.83,NZ,1680369133
35,thompson,55.7435,-97.8558,-12.06,85,81,2.88,CA,1680369134
36,krasne,49.9145,24.6134,9.44,80,86,2.89,UA,1680369134
37,altea,38.5989,-0.0514,25.26,55,16,6.03,ES,1680369134
38,genhe,50.7833,121.5167,-0.35,97,100,1.21,CN,1680369134
39,flinders,-34.5833,150.8552,16.21,88,83,2.24,AU,1680369134
40,arraial do cabo,-22.9661,-42.0278,28.92,70,20,5.66,BR,1680369134
41,luderitz,-26.6481,15.1594,17.23,87,5,1.07,NA,1680369135
42,mareeba,-17.0,145.4333,22.47,91,71,0.46,AU,1680369135
43,portland,45.5234,-122.6762,6.99,90,100,5.66,US,1680368773
44,perth,-31.9333,115.8333,19.1,92,20,2.57,AU,1680369135
45,hobart,-42.8794,147.3294,12.25,81,99,1.34,AU,1680369135
46,truth or consequences,33.1284,-107.2528,15.51,16,0,2.06,US,1680369135
47,plaster rock,46.9065,-67.39,1.29,98,100,5.47,CA,1680369135
48,mataura,-46.1927,168.8643,13.04,94,78,2.91,NZ,1680369135
49,ankazoabo,-22.2833,44.5167,23.26,85,98,2.18,MG,1680369135
50,ukiah,39.1502,-123.2078,9.25,88,100,0.0,US,1680369136
51,hilo,19.7297,-155.09,22.01,88,100,2.06,US,1680369136
52,itarema,-2.9248,-39.9167,28.72,70,94,3.53,BR,1680369045
53,cidreira,-30.1811,-50.2056,19.86,65,73,7.13,BR,1680369136
54,atasu,48.6814,71.6433,-1.99,59,0,7.32,KZ,1680369136
55,zhigansk,66.7697,123.3711,-26.79,100,89,3.02,RU,1680369136
56,georgetown,5.4112,100.3354,28.96,74,20,0.0,MY,1680369123
57,dikson,73.5069,80.5464,-10.26,93,100,7.43,RU,1680369136
58,pudozh,61.8099,36.5345,-2.87,96,100,1.03,RU,1680369137
59,kindu,-2.95,25.95,24.31,75,89,1.32,CD,1680369137
60,jamestown,42.097,-79.2353,19.45,35,0,9.77,US,1680369137
61,korla,41.7597,86.1469,8.57,14,0,8.12,CN,1680369137
62,carnarvon,-24.8667,113.6333,24.7,74,94,4.89,AU,1680369109
63,saint-philippe,-21.3585,55.7679,26.77,85,57,5.1,RE,1680369138
64,cabo san lucas,22.8909,-109.9124,26.45,67,75,4.12,MX,1680369097
65,east london,-33.0153,27.9116,22.08,73,25,4.86,ZA,1680369131
66,marienburg,54.0359,19.0266,3.82,97,100,6.56,PL,1680369138
67,popondetta,-8.7537,148.2534,22.34,94,100,0.87,PG,1680369138
68,sao joao da barra,-21.6403,-41.0511,35.05,63,56,2.8,BR,1680369138
69,bubaque,11.2833,-15.8333,25.75,71,1,7.19,GW,1680369139
70,hasaki,35.7333,140.8333,13.45,55,43,5.01,JP,1680369139
71,dong hoi,17.4833,106.6,23.94,95,17,3.5,VN,1680369139
72,havoysund,70.9963,24.6622,-1.87,65,100,8.76,NO,1680369139
73,vanimo,-2.6741,141.3028,25.57,86,69,2.0,PG,1680369139
74,cape town,-33.9258,18.4232,20.19,77,0,5.81,ZA,1680369139
75,faanui,-16.4833,-151.75,27.66,72,44,1.66,PF,1680369139
76,sisimiut,66.9395,-53.6735,-9.57,63,2,3.59,GL,1680369139
77,barrow,71.2906,-156.7887,-15.99,92,100,2.57,US,1680369139
78,kununurra,-15.7667,128.7333,25.99,83,59,1.54,AU,1680369140
79,qarayeri,40.7886,46.3066,6.49,87,100,4.12,AZ,1680369140
80,la asuncion,11.0333,-63.8628,26.7,74,42,7.61,VE,1680369140
81,mount isa,-20.7333,139.5,24.87,33,100,5.66,AU,1680369140
82,baghdad,33.3406,44.4009,12.95,38,0,1.03,IQ,1680369036
83,severo-kurilsk,50.6789,156.125,-0.34,83,7,6.11,RU,1680369140
84,khatanga,71.9667,102.5,-6.85,94,100,10.2,RU,1680369140
85,kaduqli,11.0167,29.7167,29.69,9,99,3.39,SD,1680369141
86,poum,-20.2333,164.0167,25.53,79,14,1.94,NC,1680369141
87,kruisfontein,-34.0033,24.7314,16.79,68,2,3.67,ZA,1680369141
88,busselton,-33.65,115.3333,15.65,85,6,4.0,AU,1680369141
89,torbay,47.6666,-52.7314,6.05,54,19,3.68,CA,1680369141
90,urengoy,65.9667,78.3667,0.82,91,100,10.29,RU,1680369142
91,nadym,65.5333,72.5167,1.39,96,100,9.93,RU,1680369142
92,adre,13.4667,22.2,29.74,12,63,4.25,TD,1680369142
93,kapaa,22.0752,-159.319,22.18,94,100,3.09,US,1680369142
94,zunyi,27.6867,106.9072,15.73,91,80,2.36,CN,1680369142
95,lakes entrance,-37.8811,147.981,8.98,82,2,2.7,AU,1680369143
96,bozdar,27.1828,68.636,27.61,33,21,0.76,PK,1680369143
97,padre bernardo,-15.35,-48.5,31.14,39,18,2.02,BR,1680368866
98,nanortalik,60.1432,-45.2371,-1.63,74,76,3.87,GL,1680369143
99,tuktoyaktuk,69.4541,-133.0374,-24.42,93,7,4.17,CA,1680369143
100,viesca,25.35,-102.8,26.3,40,51,1.26,MX,1680369143
101,alofi,-19.0595,-169.9187,26.73,78,27,8.36,NU,1680369143
102,saskylakh,71.9167,114.0833,-11.01,92,100,7.25,RU,1680369144
103,goksun,38.021,36.4973,2.55,87,52,2.5,TR,1680369144
104,kaitangata,-46.2817,169.8464,11.07,88,99,4.02,NZ,1680369144
105,vila franca do campo,37.7167,-25.4333,19.23,73,100,5.04,PT,1680368942
106,san jose,37.3394,-121.895,14.23,62,20,1.34,US,1680368903
107,puerto ayora,-0.7393,-90.3518,30.98,85,52,3.58,EC,1680369145
108,kamiiso,41.8167,140.65,2.64,85,8,1.99,JP,1680369145
109,new norfolk,-42.7826,147.0587,12.06,75,99,1.19,AU,1680369145
110,bredasdorp,-34.5322,20.0403,17.88,87,0,3.61,ZA,1680369145
111,antalya,36.7741,30.7178,16.33,73,75,3.6,TR,1680369058
112,madhupur,24.25,86.65,25.04,50,66,0.17,IN,1680369145
113,cao bang,22.6667,106.25,21.59,97,98,1.12,VN,1680369146
114,beringovskiy,63.05,179.3167,-8.42,70,71,10.26,RU,1680369146
115,cap malheureux,-19.9842,57.6142,26.93,72,10,2.68,MU,1680369146
116,ginda,30.6945,78.4932,9.18,88,73,1.35,IN,1680369146
117,port elizabeth,-33.918,25.5701,19.62,75,2,1.79,ZA,1680369146
118,mpanda,-6.3655,31.0409,18.91,95,79,0.84,TZ,1680369146
119,la ronge,55.1001,-105.2842,-3.88,74,100,7.2,CA,1680369147
120,puerto escondido,15.85,-97.0667,30.24,53,54,2.98,MX,1680368920
121,port alfred,-33.5906,26.891,21.21,84,1,1.34,ZA,1680369147
122,qaanaaq,77.484,-69.3632,-22.21,71,6,1.5,GL,1680369147
123,kudymkar,59.0173,54.656,2.97,85,87,5.24,RU,1680369147
124,broken hill,-31.95,141.4333,12.39,45,0,4.25,AU,1680369090
125,albanel,48.8832,-72.4487,-1.92,96,100,3.01,CA,1680369148
126,samarai,-10.6167,150.6667,27.56,78,100,4.31,PG,1680369148
127,port macquarie,-31.4333,152.9167,16.83,85,39,4.67,AU,1680369148
128,coquimbo,-29.9533,-71.3436,18.85,77,75,4.12,CL,1680368958
129,zhezkazgan,47.8043,67.7144,4.43,31,0,9.95,KZ,1680369148
130,ponta delgada,37.7333,-25.6667,19.4,77,0,5.66,PT,1680369148
131,pinecrest,25.667,-80.3081,30.57,70,75,6.17,US,1680369148
132,provideniya,64.3833,-173.3,-5.77,96,97,4.68,RU,1680369149
133,lyubinskiy,55.1542,72.6925,-2.18,85,89,4.1,RU,1680369149
134,srednekolymsk,67.45,153.6833,-27.28,100,100,2.27,RU,1680369149
135,halifax,44.6453,-63.5724,2.6,95,100,4.02,CA,1680369047
136,bonthe,7.5264,-12.505,29.53,65,74,5.56,SL,1680369149
137,warner robins,32.621,-83.5999,23.09,86,0,7.2,US,1680369149
138,shilong,23.1123,113.8425,25.21,85,98,0.7,CN,1680369149
139,rundu,-17.9333,19.7667,24.45,52,80,2.31,NA,1680369149
140,cairns,-16.9167,145.7667,25.04,94,78,0.0,AU,1680369149
141,leningradskiy,69.3833,178.4167,-14.33,91,100,11.86,RU,1680369149
142,visby,57.6409,18.296,2.81,80,20,8.75,SE,1680368869
143,port keats,-14.25,129.55,26.0,77,88,1.19,AU,1680369150
144,churapcha,62.0025,132.4325,-18.1,91,100,4.5,RU,1680369150
145,lebu,-37.6167,-73.65,17.17,69,59,4.03,CL,1680369150
146,andenes,69.3143,16.1194,-0.01,55,100,7.2,NO,1680369150
147,mildura,-34.2,142.15,11.26,55,0,4.08,AU,1680369150
148,santa maria,-29.6842,-53.8069,22.87,30,0,2.38,BR,1680368898
149,uchiza,-8.4592,-76.4633,21.86,99,100,0.63,PE,1680369151
150,avarua,-21.2078,-159.775,24.03,100,75,0.51,CK,1680369151
151,tasiilaq,65.6145,-37.6368,0.09,83,99,2.54,GL,1680369151
152,tres picos,15.8667,-93.5333,32.38,53,12,4.22,MX,1680369151
153,coihaique,-45.5752,-72.0662,15.34,54,75,4.63,CL,1680369043
154,aden,12.7794,45.0367,28.38,80,15,3.61,YE,1680369152
155,muborak,39.2553,65.1528,24.2,22,59,3.18,UZ,1680369152
156,hemsedal,60.8629,8.5534,-3.63,77,8,0.82,NO,1680369152
157,vaitape,-16.5167,-151.75,27.68,72,47,1.73,PF,1680369152
158,bethel,41.3712,-73.414,18.05,86,100,5.66,US,1680369152
159,los llanos de aridane,28.6585,-17.9182,22.86,41,0,5.66,ES,1680369152
160,narsaq,60.9167,-46.05,0.12,63,92,1.25,GL,1680369152
161,yining,29.0361,114.5636,15.73,85,0,1.27,CN,1680369152
162,atuona,-9.8,-139.0333,26.77,78,80,7.16,PF,1680369152
163,saldanha,-33.0117,17.9442,17.94,82,4,6.76,ZA,1680369152
164,chokurdakh,70.6333,147.9167,-31.54,100,96,3.14,RU,1680369152
165,salihorsk,52.7876,27.5415,6.86,97,100,2.74,BY,1680369153
166,port hardy,50.6996,-127.4199,3.1,93,75,1.54,CA,1680369100
167,lockhart,28.6194,-81.4426,31.16,53,20,3.6,US,1680369153
168,san andres,12.5847,-81.7006,30.01,66,100,6.69,CO,1680369153
169,lagoa,39.05,-27.9833,16.12,88,100,9.88,PT,1680369153
170,pevek,69.7008,170.3133,-21.65,98,100,7.23,RU,1680369153
171,bathsheba,13.2167,-59.5167,29.34,61,40,9.77,BB,1680369153
172,concepcion del oro,24.6333,-101.4167,22.12,25,100,3.41,MX,1680369153
173,constitucion,-35.3333,-72.4167,22.05,42,75,7.11,CL,1680369153
174,san quintin,30.4833,-115.95,15.45,68,0,4.81,MX,1680369153
175,kobilja glava,43.8819,18.3892,10.3,54,0,2.06,BA,1680369153
176,asfi,32.2994,-9.2372,20.99,63,31,12.03,MA,1680369153
177,sambava,-14.2667,50.1667,25.57,87,100,2.87,MG,1680369153
178,arosa,46.7779,9.6762,1.29,94,100,1.9,CH,1680369153
179,lompoc,34.6391,-120.4579,16.45,74,0,4.63,US,1680368721
180,necochea,-38.5473,-58.7368,18.76,39,100,5.31,AR,1680369154
181,newport,51.5877,-2.9984,12.56,81,80,6.68,GB,1680369099
182,katobu,-4.9408,122.5276,23.86,95,97,1.11,ID,1680369154
183,kahului,20.8947,-156.47,23.25,83,40,2.06,US,1680369058
184,caconda,-13.7333,15.0667,17.51,87,93,0.91,AO,1680369154
185,padang,-0.9492,100.3543,24.03,86,100,1.36,ID,1680369154
186,hovd,48.0056,91.6419,-12.69,37,100,4.32,MN,1680369154
187,mount gambier,-37.8333,140.7667,8.43,85,16,0.59,AU,1680369154
188,harper,4.375,-7.7169,28.63,71,19,3.99,LR,1680369154
189,kapoeta,4.7717,33.5903,27.07,56,88,2.62,SS,1680369154
190,tuatapere,-46.1333,167.6833,11.49,94,74,5.3,NZ,1680369154
191,waitati,-45.75,170.5667,14.33,71,78,3.78,NZ,1680368925
192,dalvik,65.9702,-18.5286,3.67,89,70,2.93,IS,1680369093
193,sao desiderio,-12.3633,-44.9733,33.98,28,0,0.69,BR,1680369154
194,pangkalanbuun,-2.6833,111.6167,23.2,97,96,0.8,ID,1680369155
195,vung tau,10.346,107.0843,26.46,79,87,6.28,VN,1680369155
196,westport,41.1415,-73.3579,17.39,93,100,5.14,US,1680369076
197,trincomalee,8.5711,81.2335,26.92,82,1,3.25,LK,1680369155
198,asau,46.4333,26.4,8.51,90,100,1.0,RO,1680369155
199,lorengau,-2.0226,147.2712,25.91,81,83,0.84,PG,1680369155
200,batagay-alyta,67.8006,130.4114,-33.16,88,9,3.05,RU,1680369155
201,versalles,48.8,2.1333,11.64,81,75,6.69,FR,1680369156
202,mayo,38.8876,-76.5119,20.25,85,75,3.09,US,1680369156
203,malindi,-3.2175,40.1191,27.99,80,19,5.83,KE,1680369156
204,nha trang,12.25,109.1833,26.0,87,38,1.88,VN,1680368581
205,yellowknife,62.456,-114.3525,-15.16,89,100,8.08,CA,1680368994
206,roald,62.5833,6.1333,8.51,45,0,4.12,NO,1680369156
207,floro,61.5996,5.0328,9.04,57,20,3.09,NO,1680368982
208,wagar,16.1525,36.2032,30.56,14,91,2.97,SD,1680369156
209,castro,-24.7911,-50.0119,25.0,63,60,3.11,BR,1680369156
210,marawi,7.9986,124.2928,20.75,95,100,0.65,PH,1680369156
211,kalmunai,7.4167,81.8167,26.8,80,0,3.93,LK,1680369156
212,praia da vitoria,38.7333,-27.0667,19.31,88,100,7.67,PT,1680369156
213,pombas,17.1503,-25.0201,31.88,59,0,3.1,CV,1680369156
214,talnakh,69.4865,88.3972,-8.88,94,100,8.3,RU,1680369156
215,ruzhyn,49.7228,29.2046,9.74,88,100,3.01,UA,1680369156
216,marzuq,14.4,46.4667,24.16,69,100,3.16,YE,1680369157
217,kamaishi,39.2667,141.8833,5.55,81,7,2.43,JP,1680369157
218,kyabe,9.4515,18.9449,35.79,21,51,1.34,TD,1680369157
219,conceicao do araguaia,-8.2578,-49.2647,29.19,68,95,2.49,BR,1680369157
220,mango,27.9797,-82.3065,31.72,63,0,7.2,US,1680369157
221,cayenne,4.9333,-52.3333,29.02,65,75,7.2,GF,1680369157
222,oriximina,-1.7656,-55.8661,26.94,76,98,0.97,BR,1680368912
223,gushikawa,26.3544,127.8686,20.57,77,20,7.72,JP,1680369157
224,vardo,70.3705,31.1107,-2.01,86,100,15.43,NO,1680369157
225,srimushnam,11.4,79.4167,28.0,72,65,2.84,IN,1680369157
226,imbituba,-28.24,-48.6703,26.59,51,39,8.69,BR,1680369157
227,salisbury,51.0693,-1.7957,12.23,66,40,5.66,GB,1680369157
228,uspenskaya,45.7645,41.067,8.85,53,5,3.72,RU,1680369157
229,okhotsk,59.3833,143.3,-4.23,97,100,1.29,RU,1680369157
230,ballina,-28.8667,153.5667,14.88,89,15,2.93,AU,1680369158
231,souillac,-20.5167,57.5167,26.21,78,20,2.57,MU,1680369158
232,dori,14.0354,-0.0345,37.47,5,28,3.89,BF,1680369158
233,esna,25.2934,32.554,22.49,15,0,4.42,EG,1680369158
234,seoul,37.5683,126.9778,11.69,29,38,1.18,KR,1680368884
235,nieuwpoort,51.1244,2.7735,8.94,93,100,8.75,BE,1680369158
236,changji,44.0167,87.3167,1.44,25,0,1.0,CN,1680369158
237,saint george,37.1041,-113.5841,11.91,48,0,1.34,US,1680369158
238,madang,-5.2246,145.7966,23.99,89,100,1.84,PG,1680369137
239,half moon bay,37.4636,-122.4286,14.36,66,0,3.6,US,1680369158
240,avera,33.194,-82.5271,22.73,81,100,8.24,US,1680369158
241,haines junction,60.7522,-137.5108,-3.72,91,100,2.02,CA,1680369158
242,gao,16.6362,1.637,35.43,5,61,4.17,ML,1680369115
243,istisu,40.9457,48.0738,1.37,99,100,0.75,AZ,1680369158
244,burnie,-41.0667,145.9167,9.97,88,94,3.48,AU,1680369159
245,general roca,-39.0333,-67.5833,23.96,18,56,2.59,AR,1680369159
246,victoria,22.2855,114.1577,22.19,92,100,4.92,HK,1680369159
247,libourne,44.9167,-0.25,12.54,75,38,7.48,FR,1680369159
248,fairlie,55.756,-4.8556,8.56,74,97,0.89,GB,1680369159
249,staraya poltavka,50.4772,46.4814,9.64,48,100,1.45,RU,1680369159
250,vilhena,-12.7406,-60.1458,30.64,45,94,0.81,BR,1680369159
251,san carlos de bariloche,-41.1456,-71.3082,16.86,48,40,12.86,AR,1680369159
252,baykit,61.67,96.37,-16.32,99,97,0.71,RU,1680369159
253,afua,-0.1567,-50.3867,26.01,86,93,2.02,BR,1680369159
254,nizwa,22.9333,57.5333,28.6,22,49,1.26,OM,1680369159
255,touros,-5.1989,-35.4608,28.57,70,89,5.68,BR,1680369159
256,bambous virieux,-20.3428,57.7575,26.79,78,20,2.57,MU,1680369159
257,tonantins,-2.8731,-67.8022,26.37,84,100,1.7,BR,1680369158
258,darhan,49.4867,105.9228,-9.09,75,100,9.59,MN,1680369159
259,roma,43.2128,-75.4557,20.46,40,0,8.23,US,1680369160
260,hammerfest,70.6634,23.6821,-3.75,80,75,9.26,NO,1680369160
261,ciechanow,52.8814,20.62,8.56,93,100,4.81,PL,1680369160
262,longyearbyen,78.2186,15.6401,-11.09,62,75,5.66,SJ,1680369160
263,iwanai,42.9744,140.5089,2.84,91,66,1.48,JP,1680369160
264,quatre cocos,-20.2078,57.7625,26.72,76,24,5.08,MU,1680369160
265,mahebourg,-20.4081,57.7,26.81,78,20,2.57,MU,1680369160
266,namibe,-15.1961,12.1522,24.83,80,83,4.99,AO,1680369160
267,urucara,-2.5364,-57.76,25.09,91,100,2.28,BR,1680369073
268,henties bay,-22.116,14.2845,17.24,81,4,4.07,NA,1680369160
269,comodoro rivadavia,-45.8667,-67.5,23.92,25,0,13.38,AR,1680368866
270,fethiye,36.6217,29.1164,15.93,86,49,1.74,TR,1680369160
271,chimore,-16.9833,-65.1333,33.86,44,75,1.49,BO,1680369073
272,puerto del rosario,28.5004,-13.8627,21.86,68,20,9.26,ES,1680368885
273,gornyak,50.9942,81.4661,-7.3,51,0,7.57,RU,1680369161
274,naze,28.3667,129.4833,18.06,88,45,3.39,JP,1680369161
275,zaysan,47.4667,84.8667,-4.69,52,52,4.92,KZ,1680369161
276,nicoya,10.1483,-85.452,32.53,43,17,6.9,CR,1680369161
277,kudahuvadhoo,2.6708,72.8944,28.28,69,53,1.32,MV,1680369161
278,richards bay,-28.783,32.0377,21.08,92,42,0.47,ZA,1680368787
279,fortuna,40.5982,-124.1573,11.07,84,100,4.02,US,1680369161
280,arinos,-15.9169,-46.1056,36.26,21,42,0.39,BR,1680369161
281,shubarshi,48.5872,57.1869,11.18,23,4,8.66,KZ,1680369161
282,kavieng,-2.5744,150.7967,26.84,83,100,4.68,PG,1680369161
283,mehamn,71.0357,27.8492,-2.05,80,100,11.32,NO,1680369161
284,mbandaka,0.0487,18.2603,26.6,65,75,1.57,CD,1680369161
285,port lincoln,-34.7333,135.8667,14.27,68,19,5.22,AU,1680369161
286,salinopolis,-0.6136,-47.3561,26.22,84,97,2.9,BR,1680369161
287,urusha,54.05,122.9,-4.64,84,100,3.48,RU,1680369161
288,dothan,31.2232,-85.3905,28.24,66,75,9.77,US,1680368904
289,spirit river,55.7833,-118.8361,1.58,84,100,0.78,CA,1680369161
290,karasjok,69.4719,25.5112,-6.02,85,97,7.38,NO,1680369161
291,kuala terengganu,5.3302,103.1408,25.91,84,72,2.21,MY,1680369161
292,sitka,57.0531,-135.33,2.94,75,40,0.0,US,1680369162
293,ugoofaaru,5.6667,73.0,28.08,71,35,4.01,MV,1680369162
294,el doncello,1.6782,-75.2847,26.92,78,78,0.72,CO,1680369162
295,el tigre,8.8875,-64.2454,30.53,46,82,6.28,VE,1680369162
296,agadir,30.4202,-9.5982,27.25,40,2,3.46,MA,1680369162
297,vila,42.0304,-8.1588,12.06,65,90,2.68,PT,1680369162
298,alnashi,56.1874,52.4792,5.65,71,100,5.47,RU,1680369162
299,tahe,52.3333,124.7333,1.42,97,100,1.57,CN,1680369162
300,virginia beach,36.8529,-75.978,25.03,64,100,10.8,US,1680368600
301,labuhan,-6.8844,112.2051,24.6,87,100,3.16,ID,1680369162
302,carberry,49.8689,-99.3602,-2.77,76,76,5.19,CA,1680369163
303,douglas,41.3,-96.167,6.58,49,0,6.17,US,1680368868
304,dogondoutchi,13.6393,4.0287,36.6,6,100,4.29,NE,1680369163
305,tiarei,-17.5333,-149.3333,27.01,75,19,4.15,PF,1680369163
306,tatarsk,55.219,75.9828,-8.96,89,35,3.33,RU,1680369164
307,rayadrug,14.7,76.8667,30.07,23,38,4.25,IN,1680369164
308,luanda,-8.8368,13.2343,28.0,74,40,4.63,AO,1680369164
309,kysyl-syr,63.8986,122.7617,-24.65,100,30,2.21,RU,1680369164
310,bitung,1.4451,125.1824,23.47,85,98,3.95,ID,1680369164
311,norman wells,65.282,-126.8329,-11.0,88,100,0.36,CA,1680369164
312,anchorage,61.2181,-149.9003,-1.97,64,0,3.6,US,1680368867
313,port hedland,-20.3167,118.5667,27.03,83,49,3.6,AU,1680369164
314,aligudarz,33.4006,49.6949,3.3,44,0,3.18,IR,1680369165
315,ngorongoro,-3.2397,35.4875,12.28,86,38,0.74,TZ,1680369165
316,harqalah,36.0303,10.509,19.92,68,0,3.6,TN,1680369165
317,grindavik,63.8424,-22.4338,5.26,81,75,13.38,IS,1680369165
318,berezovka,53.7214,25.4993,7.62,94,100,2.21,BY,1680369165
319,hami,42.8,93.45,1.92,27,53,6.29,CN,1680369165
320,coolum beach,-26.5333,153.1,19.5,86,98,1.68,AU,1680369097
321,wenatchee,47.4235,-120.3103,8.36,57,0,2.68,US,1680369096
322,sydney mines,46.2367,-60.2177,2.6,84,100,4.02,CA,1680369165
323,bintulu,3.1667,113.0333,24.18,91,100,1.49,MY,1680369165
324,kloulklubed,7.0419,134.2556,24.28,68,99,0.63,PW,1680369165
325,nishihara,26.1842,127.7558,20.6,78,75,10.8,JP,1680369165
326,mariinsk,56.2139,87.7472,-13.87,95,93,1.39,RU,1680369165
327,benguela,-12.5763,13.4055,26.9,75,81,2.83,AO,1680369165
328,iralaya,15.0,-83.2333,28.31,64,51,6.5,HN,1680369166
329,rantauprapat,2.1,99.8333,23.24,98,100,1.33,ID,1680369166
330,la rioja,42.25,-2.5,5.88,93,96,4.12,ES,1680369166
331,port blair,11.6667,92.75,26.89,69,53,1.34,IN,1680369166
332,ban nahin,18.2418,104.2122,25.86,69,15,1.42,LA,1680369166
333,ancud,-41.8697,-73.8203,14.33,82,81,3.52,CL,1680369166
334,nueva loja,0.0847,-76.8828,27.01,74,75,1.54,EC,1680368916
335,klaksvik,62.2266,-6.589,7.51,86,100,10.24,FO,1680369166
336,lata,40.1629,-8.3327,16.15,94,100,2.74,PT,1680369166
337,jinchang,38.4953,102.1739,5.73,36,100,7.64,CN,1680369166
338,hualmay,-11.0964,-77.6139,25.89,76,97,3.64,PE,1680369166
339,marsh harbour,26.5412,-77.0636,24.7,75,38,7.48,BS,1680369166
340,hamilton,39.1834,-84.5333,13.76,53,24,6.26,US,1680368411
341,muros,42.7762,-9.0603,17.05,56,39,5.48,ES,1680368844
342,port-cartier,50.0334,-66.8654,0.42,90,100,6.05,CA,1680369166
343,broome,42.2506,-75.833,20.5,41,0,5.66,US,1680369166
344,hendek,40.7994,30.7481,15.16,59,97,3.33,TR,1680369166
345,kimbe,-5.5502,150.1429,24.62,93,100,1.96,PG,1680369166
346,tshane,-24.0196,21.8684,22.63,58,75,5.53,BW,1680369167
347,plettenberg bay,-34.0527,23.3716,17.42,80,0,2.74,ZA,1680369167
348,margate,51.3813,1.3862,10.5,85,100,4.02,GB,1680369167
349,valle de allende,26.9333,-105.4,22.46,12,81,2.27,MX,1680369167
350,vila real,41.3006,-7.7441,14.52,82,99,1.9,PT,1680369167
351,kinablangan,7.6947,126.5503,25.2,87,100,1.74,PH,1680369167
352,alnavar,15.4333,74.7333,22.77,64,53,2.33,IN,1680369167
353,berdigestyakh,62.0989,126.6992,-18.41,89,71,4.17,RU,1680369167
354,taltal,-25.4,-70.4833,22.64,75,24,2.28,CL,1680369167
355,cayhagan,9.6697,122.4256,26.34,80,99,1.22,PH,1680369167
356,puerto leguizamo,-0.1934,-74.7819,24.93,80,97,1.08,CO,1680369167
357,sibu,2.3,111.8167,23.13,97,100,0.33,MY,1680369167
358,makakilo city,21.3469,-158.0858,22.78,86,0,2.06,US,1680369167
359,san lawrenz,36.0553,14.204,17.14,85,100,1.34,MT,1680369167
360,chabahar,25.2919,60.643,25.3,67,0,4.24,IR,1680369167
361,hoquiam,46.9809,-123.8893,8.33,81,75,6.69,US,1680369021
362,saint anthony,45.0205,-93.218,0.97,73,0,5.14,US,1680369167
363,mercedes,-34.6515,-59.4307,22.1,24,8,3.63,AR,1680368767
364,lodja,-3.4833,23.4333,22.75,78,91,0.89,CD,1680369167
365,srandakan,-7.9386,110.2506,24.65,86,100,2.65,ID,1680369167
366,pauini,-7.7136,-66.9764,24.23,96,100,1.33,BR,1680369168
367,aasiaat,68.7098,-52.8699,-19.68,91,54,1.32,GL,1680369168
368,agra,27.1833,78.0167,23.5,46,33,2.16,IN,1680369168
369,loikaw,19.6742,97.2094,24.68,40,2,4.12,MM,1680369168
370,peniche,39.3558,-9.3811,16.83,93,50,5.83,PT,1680369168
371,tombouctou,20.0,-3.0,35.24,4,0,4.21,ML,1680369168
372,larsnes,62.2028,5.5773,8.33,72,26,0.54,NO,1680369168
373,gobabis,-22.45,18.9667,26.65,16,43,2.51,NA,1680369168
374,tra vinh,9.9347,106.3453,25.04,80,73,2.3,VN,1680369168
375,taoudenni,22.6783,-3.9836,35.78,4,0,4.22,ML,1680369168
376,lamu,-2.2717,40.902,29.12,81,17,6.8,KE,1680369168
377,airai,-8.9266,125.4092,15.91,96,100,0.46,TL,1680369168
378,lesnoye,58.2841,35.5158,0.32,95,100,1.45,RU,1680369168
379,kungurtug,50.5994,97.5228,-14.62,92,100,1.01,RU,1680369168
380,lithgow,-33.4833,150.15,8.56,96,99,1.68,AU,1680369168
381,booue,-0.0921,11.9385,25.71,87,75,2.14,GA,1680369168
382,isangel,-19.55,169.2667,25.46,86,10,1.87,VU,1680369169
383,kalabo,-14.97,22.6814,21.02,82,82,1.74,ZM,1680369169
384,baturaja,-4.1333,104.1667,22.89,97,100,1.12,ID,1680369169
385,katherine,-14.4667,132.2667,24.18,73,81,2.06,AU,1680369169
386,laguna,38.421,-121.4238,13.9,67,0,2.57,US,1680368609
387,morro bay,35.3658,-120.8499,17.92,72,7,3.18,US,1680369169
388,balclutha,-46.2339,169.75,10.89,88,100,2.66,NZ,1680369169
389,altar,30.7,-111.8167,20.22,20,3,2.37,MX,1680369169
390,piet retief,-27.0071,30.8132,14.73,93,32,1.38,ZA,1680369170
391,sao filipe,14.8961,-24.4956,26.52,62,0,3.25,CV,1680369170
392,codrington,-38.2667,141.9667,10.23,76,23,0.71,AU,1680369170
393,sai buri,6.7013,101.6168,24.96,87,42,2.68,TH,1680369170
394,bud,39.447,-86.1758,6.3,68,70,10.54,US,1680369170
395,creston,41.0586,-94.3614,5.95,56,0,8.23,US,1680368961
396,ithaca,42.4406,-76.4966,21.66,33,0,8.23,US,1680369170
397,mumford,5.2618,-0.759,28.51,71,15,4.94,GH,1680369170
398,mangla,31.8931,72.3817,17.88,82,1,4.06,PK,1680369170
399,razole,16.4833,81.8333,26.45,83,44,3.28,IN,1680369170
400,zabid,14.1951,43.3152,26.64,76,60,4.38,YE,1680369170
401,puerto penasco,31.3167,-113.5333,17.73,67,3,2.24,MX,1680369142
402,alyangula,-13.8483,136.4192,27.33,74,90,1.98,AU,1680369170
403,cacoal,-11.4386,-61.4472,30.16,67,100,0.24,BR,1680369170
404,ust-kulom,61.6864,53.6902,1.76,93,100,4.87,RU,1680369170
405,prince rupert,54.3161,-130.3201,2.44,90,98,2.34,CA,1680368989
406,willowmore,-33.2926,23.4895,21.24,29,18,4.48,ZA,1680369171
407,pisco,-13.7,-76.2167,25.57,83,0,3.6,PE,1680369171
408,buchanan,5.8808,-10.0467,28.89,71,45,4.67,LR,1680369171
409,chunoyar,57.4467,97.3217,-13.51,94,41,0.53,RU,1680369171
410,ahipara,-35.1667,173.1667,17.74,93,100,0.56,NZ,1680369171
411,edd,13.9297,41.6925,26.05,76,77,4.42,ER,1680369171
412,carbonia,39.1672,8.5222,16.12,63,74,5.34,IT,1680369171
413,iqaluit,63.7506,-68.5145,-12.39,78,100,4.02,CA,1680369171
414,killybegs,54.6333,-8.45,9.84,79,93,7.18,IE,1680369171
415,cherskiy,68.75,161.3,-33.03,100,99,0.8,RU,1680369171
416,roebourne,-20.7833,117.1333,27.94,71,19,3.12,AU,1680369171
417,tzaneen,-23.8332,30.1635,21.24,64,34,0.86,ZA,1680369171
418,wang saphung,17.301,101.7685,29.3,36,38,2.2,TH,1680369172
419,wanning,18.8003,110.3967,24.31,93,13,3.64,CN,1680369172
420,fenelon falls,44.5334,-78.7496,14.57,69,26,6.99,CA,1680369172
421,caxito,-8.5785,13.6643,26.48,78,63,3.31,AO,1680369172
422,sabha,27.0377,14.4283,23.54,10,0,1.27,LY,1680369172
423,agua dulce,18.1333,-94.1333,25.88,56,7,2.18,MX,1680369172
424,geraldton,-28.7667,114.6,21.23,83,40,3.6,AU,1680369172
425,basudebpur,21.1353,86.7386,24.64,80,3,2.02,IN,1680369172
426,bela vista de goias,-16.9728,-48.9533,30.64,59,75,2.1,BR,1680369172
427,diban,35.0365,40.5167,15.54,43,7,1.6,SY,1680369172
428,coari,-4.085,-63.1414,26.71,91,96,0.43,BR,1680369172
429,terrasini,38.146,13.0844,18.45,49,0,4.12,IT,1680369172
430,rochegda,62.8,43.25,-3.29,94,100,0.64,RU,1680369172
431,dickinson,29.4608,-95.0513,31.16,46,0,4.63,US,1680369071
432,san cristobal,7.7669,-72.225,19.1,57,100,2.73,VE,1680369172
433,tazovskiy,67.4667,78.7,-0.02,96,100,9.53,RU,1680369172
434,jaicos,-7.3592,-41.1378,32.54,30,96,1.07,BR,1680369074
435,ayagoz,47.9714,80.4392,-8.87,66,0,8.68,KZ,1680369172
436,dunedin,-45.8742,170.5036,13.63,77,73,3.03,NZ,1680369172
437,lokosovo,61.1333,74.8167,1.14,72,100,7.74,RU,1680369172
438,vrangel,42.7297,133.0839,3.42,70,17,3.73,RU,1680369172
439,nouadhibou,20.931,-17.0347,35.99,14,0,5.66,MR,1680369173
440,cravo norte,6.3017,-70.2041,31.88,44,83,3.24,CO,1680369173
441,katsuura,35.1333,140.3,15.01,74,100,5.47,JP,1680369168
442,launceston,-41.45,147.1667,7.31,89,71,0.54,AU,1680369173
443,kulhudhuffushi,6.6221,73.07,28.71,63,98,3.25,MV,1680369173
444,fatehpur,25.9333,80.8,22.62,56,56,4.07,IN,1680369013
445,lazaro cardenas,17.9583,-102.2,29.25,46,2,2.84,MX,1680368887
446,kutum,14.2,24.6667,24.61,11,54,4.88,SD,1680369173
447,korhogo,9.45,-5.6333,37.02,17,33,1.85,CI,1680369174
448,homer,59.6425,-151.5483,0.45,47,0,7.6,US,1680368887
449,almeirim,-1.5233,-52.5817,25.62,89,99,1.42,BR,1680369174
450,fort-shevchenko,44.5086,50.263,5.43,91,100,13.25,KZ,1680369174
451,huarmey,-10.0681,-78.1522,26.83,75,80,4.05,PE,1680369174
452,ishimbay,53.4545,56.0415,5.74,80,93,1.44,RU,1680369083
453,hawera,-39.5917,174.2833,14.27,95,83,3.04,NZ,1680369174
454,shache,38.4167,77.2406,15.68,22,100,1.95,CN,1680369174
455,bridlington,54.0831,-0.1919,7.96,90,100,7.42,GB,1680369174
456,mahibadhoo,3.7833,72.9667,28.32,71,20,3.01,MV,1680369174
457,meulaboh,4.1363,96.1285,25.48,84,82,1.42,ID,1680369124
458,linqiong,30.4159,103.4609,17.88,70,100,1.5,CN,1680369174
459,shahpur,16.7,76.8333,30.69,18,50,3.47,IN,1680368820
460,konosha,60.9736,40.257,-1.3,99,100,0.72,RU,1680369174
461,salalah,17.0151,54.0924,28.05,78,40,3.6,OM,1680369175
462,northam,51.0333,-4.2167,11.45,85,60,7.71,GB,1680369175
463,bang saphan,11.2126,99.5117,25.08,86,65,1.52,TH,1680369175
464,kshenskiy,51.8408,37.7136,2.89,98,100,4.69,RU,1680369175
465,biloela,-24.4167,150.5,20.85,67,100,1.81,AU,1680369175
466,faya,18.3851,42.4509,16.29,77,78,2.67,SA,1680369175
467,smardan,45.4833,27.9333,10.78,84,96,2.5,RO,1680369175
468,macia,-25.0269,33.0989,21.84,89,36,2.79,MZ,1680369175
469,axim,4.8699,-2.2405,28.94,69,29,4.37,GH,1680369175
470,esperance,-33.8667,121.9,18.44,80,99,4.76,AU,1680369175
471,atikokan,48.7555,-91.6216,-2.08,46,24,1.94,CA,1680369175
472,krasnogorskoye,52.2953,86.1979,-13.25,94,67,0.64,RU,1680369175
473,miri,4.4148,114.0089,24.78,87,100,1.17,MY,1680369175
474,palmer,42.1584,-72.3287,14.63,86,100,5.33,US,1680369175
475,pampa,35.5362,-100.9599,15.02,29,53,3.6,US,1680369175
476,marystown,47.1666,-55.1483,2.24,66,79,6.32,CA,1680369176
477,pitimbu,-7.4706,-34.8086,30.33,65,77,4.82,BR,1680369176
478,camacha,33.0833,-16.3333,18.68,73,20,5.66,PT,1680369176
479,shimoda,34.6667,138.95,12.84,85,100,6.27,JP,1680369176
480,kewanee,41.2456,-89.9248,5.33,71,100,10.44,US,1680369176
481,caravelas,-17.7125,-39.2481,30.23,56,0,5.5,BR,1680369176
482,suhl,50.6,10.7,9.4,84,100,2.98,DE,1680369176
483,daru,-9.0763,143.2092,26.43,85,45,3.54,PG,1680369176
484,luganville,-15.5333,167.1667,26.01,87,76,0.76,VU,1680369176
485,khandbari,27.3747,87.2039,15.0,84,97,0.4,NP,1680369176
486,mangrol,21.1167,70.1167,24.79,77,71,4.45,IN,1680369176
487,chadiza,-14.0678,32.4392,18.07,96,99,1.2,ZM,1680369176
488,wanxian,30.8039,108.3897,20.15,71,2,2.45,CN,1680369176
489,anadyr,64.75,177.4833,-13.72,84,23,11.62,RU,1680369176
490,bulgan,48.8125,103.5347,-12.93,84,100,6.79,MN,1680369176
491,fairbanks,64.8378,-147.7164,-9.32,73,75,0.0,US,1680368975
492,catuday,16.2923,119.8062,25.24,79,7,2.78,PH,1680369177
493,gejiu,23.306,103.1635,15.12,62,56,1.94,CN,1680369177
494,mecca,21.4267,39.8261,24.8,38,5,3.77,SA,1680369177
495,saint-augustin,51.226,-58.6502,1.91,55,91,4.77,CA,1680369177
496,solnechnyy,50.7214,136.6319,-1.78,84,9,1.9,RU,1680369177
497,zachary,30.6485,-91.1565,27.7,55,86,3.5,US,1680369177
498,terre-de-bas,15.8501,-61.6442,28.73,72,4,8.23,GP,1680369061
499,uglovskoye,51.3557,80.1942,-5.8,54,1,5.99,RU,1680369177
500,atambua,-9.1061,124.8925,22.9,90,100,1.23,ID,1680369177
501,tupik,54.4253,119.9327,-7.66,84,100,3.92,RU,1680369177
502,troy,42.6056,-83.1499,6.61,88,100,7.72,US,1680368946
503,tecolutla,20.4833,-97.0167,27.92,74,46,2.15,MX,1680369177
504,parksville,49.3163,-124.3195,7.18,66,29,0.89,CA,1680368893
505,kashi,39.4547,75.9797,13.49,24,62,0.54,CN,1680369177
506,metro,-5.1131,105.3067,23.49,87,99,1.16,ID,1680369177
507,te anau,-45.4167,167.7167,10.85,94,43,0.67,NZ,1680369177
508,beira,-19.8436,34.8389,24.48,77,100,3.25,MZ,1680368924
509,samarinda,-0.5,117.15,23.41,91,100,0.57,ID,1680368945
510,hay river,60.8156,-115.7999,-9.02,73,100,4.12,CA,1680369177
511,cam ranh,11.9214,109.1591,25.98,83,0,0.51,VN,1680369177
512,soyo,-6.1349,12.3689,26.59,78,92,3.51,AO,1680369178
513,liverpool,53.4106,-2.9779,10.34,79,75,4.12,GB,1680368989
514,ceuta,35.8903,-5.3075,21.02,68,59,9.09,ES,1680369178
515,rodrigues alves,-7.738,-72.6509,26.92,80,97,1.34,BR,1680369178
516,ulladulla,-35.35,150.4667,14.32,88,86,3.44,AU,1680369178
517,ketchikan,55.3422,-131.6461,3.26,87,75,3.6,US,1680369178
518,santo antonio de padua,-21.5394,-42.1803,30.09,60,67,2.48,BR,1680369178
519,arlit,18.7369,7.3853,31.82,4,1,6.06,NE,1680369178
520,boa vista,2.8197,-60.6733,31.99,45,40,7.2,BR,1680369178
521,oktyabrskiy,54.4815,53.471,2.66,93,100,2.41,RU,1680369146
522,jiamusi,46.8333,130.35,10.15,45,100,0.61,CN,1680369178
523,ufimskiy,56.7084,58.0517,4.35,90,100,3.56,RU,1680369178
524,bilibino,68.0546,166.4372,-27.34,100,100,1.28,RU,1680369178
525,chapais,49.7834,-74.8492,-1.18,90,100,3.48,CA,1680369178
526,sistranda,63.7256,8.834,2.98,64,56,8.25,NO,1680369178
527,alvand,36.3187,49.1678,0.14,62,80,4.29,IR,1680369178
528,monforte de lemos,42.5216,-7.5142,14.21,72,90,3.4,ES,1680369178
529,komsomolskiy,40.4272,71.7189,16.4,48,93,3.09,UZ,1680369178
530,maicao,11.3832,-72.2432,30.96,50,78,9.07,CO,1680369178
531,yatou,37.15,122.3833,10.01,34,0,1.04,CN,1680369178
532,shitanjing,39.2342,106.3439,8.26,32,100,8.78,CN,1680369178
533,chernyshevskiy,63.0128,112.4714,-27.78,100,30,2.11,RU,1680369179
534,helong,42.5397,128.9972,7.77,68,1,1.15,CN,1680369179
535,vila velha,-20.3297,-40.2925,30.97,62,20,6.69,BR,1680369179
536,tabou,4.423,-7.3528,28.65,71,20,4.19,CI,1680369179
537,sao miguel do araguaia,-13.275,-50.1628,31.58,54,4,1.1,BR,1680368936
538,orkeny,47.1299,19.4332,15.41,68,100,3.97,HU,1680369179
539,pindiga,9.9833,10.9333,35.12,10,90,2.41,NG,1680369179
540,jerez,14.1,-89.75,30.93,29,2,2.46,GT,1680369179
541,nyurba,63.2842,118.3319,-25.62,99,63,2.13,RU,1680369179
542,marsa matruh,31.3525,27.2453,18.18,52,2,2.07,EG,1680369179
543,laela,-8.5667,32.05,15.61,93,83,1.35,TZ,1680369179
544,talcahuano,-36.7167,-73.1167,21.82,49,0,6.69,CL,1680369179
545,takoradi,4.8845,-1.7554,28.66,70,20,4.79,GH,1680369179
546,olafsvik,64.8945,-23.7142,4.13,85,95,9.64,IS,1680369179
547,the valley,18.217,-63.0578,27.92,71,21,9.34,AI,1680369179
548,madison,34.7334,-86.5667,23.8,33,0,9.26,US,1680369179
549,bocas del toro,9.3333,-82.25,26.35,73,88,3.11,PA,1680369179
550,mtsensk,53.2766,36.5733,5.15,96,99,4.88,RU,1680369179
551,road town,18.4167,-64.6167,29.05,51,20,7.72,VG,1680369179
552,praia,14.9215,-23.5087,33.3,24,0,7.72,CV,1680369180
553,anuradhapura,8.3565,80.4173,25.16,87,58,1.22,LK,1680369180
554,swan river,52.1058,-101.2676,-3.72,88,54,0.21,CA,1680369180
555,petropavlovsk-kamchatskiy,53.0452,158.6483,-4.67,74,0,2.0,RU,1680368986
556,gualaquiza,-3.4,-78.55,25.17,60,97,1.59,EC,1680369180
557,cobourg,50.2667,10.9667,10.03,90,100,0.89,DE,1680369180
558,gashua,12.871,11.0482,33.37,8,34,4.51,NG,1680368894
559,yar-sale,66.8333,70.8333,1.12,99,100,8.42,RU,1680369180
560,sorong,-0.8833,131.25,26.28,84,98,0.77,ID,1680369180
561,eenhana,-17.4667,16.3333,25.67,46,68,1.38,NA,1680368934
562,port-gentil,-0.7193,8.7815,26.98,89,40,3.6,GA,1680369180
563,bismarck,46.8083,-100.7837,-0.2,67,0,7.72,US,1680369180
564,turukhansk,65.8167,87.9833,-7.8,92,100,11.15,RU,1680369180
565,kodinsk,58.6881,99.1844,-15.59,97,46,0.41,RU,1680369180
566,meadow lake,34.8014,-106.5436,13.26,24,80,1.72,US,1680369180
567,monywa,22.1167,95.1333,27.05,49,50,4.3,MM,1680368889
568,templin,53.1186,13.5022,6.21,94,100,6.22,DE,1680369180
569,smidovich,48.6,133.8167,4.31,56,74,2.63,RU,1680369180
570,morondava,-20.2833,44.2833,27.14,80,84,2.54,MG,1680369181
571,talas,38.6908,35.5538,8.37,57,75,0.0,TR,1680369181
572,acapulco,16.8634,-99.8901,30.9,55,0,2.57,MX,1680368907
